Hospital,City/Regency
RSU Dr. Hasan Sadikin,Kota Bandung
RSTP Dr. H. A. Rotinsulu,Kota Bandung
RSAU Dr. M. Salamun Bandung,Kota Bandung
RS Immanuel Bandung,Kota Bandung
RS Santo Borromeus Bandung,Kota Bandung
RS Santo Yusup Bandung,Kota Bandung
RS Advent Bandung,Kota Bandung
RS Al Islam Bandung,Kota Bandung
Santosa Hospital Bandung Central,Kota Bandung
RSUD Kota Bandung,Kota Bandung
RS Hermina Arcamanik Bandung,Kota Bandung
RS Khusus Ibu dan Anak Kota Bandung,Kota Bandung
RS Tk. II Dustira,Kota Cimahi
RSUD Cibabat Cimahi,Kota Cimahi
RSUD Al-Ihsan Kab. Bandung,Kab. Bandung
RSUD Majalaya,Kab. Bandung
Santosa Hospital Bandung Kopo,Kota Bandung
RS Unggul Karsa Medika Kab. Bandung,Kab. Bandung
RSUD Cililin,Kab. Bandung Barat
RSUD Cikalongwetan,Kab. Bandung Barat
RSUD Sumedang,Kab. Sumedang
RS Mitra Keluarga Bekasi Timur,Kota Bekasi
RS Mitra Keluarga Kota Bekasi,Kota Bekasi
RSUD dr. Slamet Kab. Garut,Kab. Garut
RS Hermina Bekasi,Kota Bekasi
RS Hermina Galaxy Bekasi,Kota Bekasi
RS Graha Juanda Kota Bekasi,Kota Bekasi
RS Awal Bros Bekasi Barat,Kota Bekasi
RS Bella Bekasi,Kota Bekasi
Siloam Hospitals Bekasi Timur,Kota Bekasi
RS Sentra Medika Cikarang,Kab. Bekasi
RS Annisa Kab. Bekasi,Kab. Bekasi
RS Siloam Lippo Cikarang,Kab. Bekasi
RS Hermina Grand Wisata Kab. Bekasi,Kab. Bekasi
RSU Gunung Jati,Kota Cirebon
RS Kartika Husada Tambun Kab. Bekasi,Kab. Bekasi
RS Mitra Keluarga Cikarang,Kab. Bekasi
RS Kartika Husada Setu Bekasi,Kab. Bekasi
RSUD Kota Depok,Kota Depok
RS Puri Cinere Depok,Kota Depok
RS Meilia Cibubur,Kota Depok
RS Hermina Kota Depok,Kota Depok
RS Mitra Keluarga Kota Depok,Kota Depok
RS Bhayangkara Brimob Kota Depok,Kota Depok
RS Tugu Ibu Depok,Kota Depok
"RSU R. Syamsudin, SH",Kota Sukabumi
RSU Bunda Margonda Depok,Kota Depok
RS Universitas Indonesia (RSUI) Depok,Kota Depok
RSUD Sekarwangi Kab. Sukabumi,Kab. Sukabumi
RSUD Jampang Kulon Kab. Sukabumi,Kab. Sukabumi
RS Bhakti Medicare Kab. Sukabumi,Kab. Sukabumi
RS Betha Medika Kab. Sukabumi,Kab. Sukabumi
RS Kartika Cibadak Kab. Sukabumi,Kab. Sukabumi
RS Hermina Sukabumi,Kab. Sukabumi
RSUD Pelabuhan Ratu Sukabumi,Kab. Sukabumi
RSUD Sayang Kab. Cianjur,Kab. Cianjur
RSUD Indramayu,Kab. Indramayu
RSUD Cimacan Kab. Cianjur,Kab. Cianjur
RSUD Pantura M.A. Sentot Patrol Kab. Indramayu,Kab. Indramayu
RS Tk III Ciremai Kota Cirebon,Kota Cirebon
RS Paru Provinsi Jawa Barat Kab. Cirebon,Kab. Cirebon
RSUD Waled Kab. Cirebon,Kab. Cirebon
RSUD Arjawinangun Kab. Cirebon,Kab. Cirebon
RS Mitra Plumbon Kab. Cirebon,Kab. Cirebon
RSUD 45 Kab. Kuningan,Kab. Kuningan
RSUD Linggajati Kuningan,Kab. Kuningan
RSUD Cideres Majalengka,Kab. Majalengka
RSUD Subang,Kab. Subang
RSUD Majalengka,Kab. Majalengka
RSUD Pameungpeuk Kab. Garut,Kab. Garut
RSUD Dr.Soekardjo Tasikmalaya,Kota Tasikmalaya
RSUD Singaparna Medika Citrautama Tasikmalaya,Kab. Tasikmalaya
RSUD Kota Banjar,Kota Banjar
RSUD Ciamis,Kab. Ciamis
RSUD Pandega Pangandaran,Kab. Pangandaran
RSUD Bayu Asih Purwakarta,Kab. Purwakarta
Siloam Hospitals Purwakarta,Kab. Purwakarta
RSUD Karawang,Kab. Karawang
RSUD dr. Chasbullah Abdulmajid,Kota Bekasi
RS Khusus Paru Karawang,Kab. Karawang
RS Lira Medika Karawang,Kab. Karawang
RS Bhayangkara TK. II Sartika Asih Bandung,Kota Bandung
RSUD Kota Bogor,Kota Bogor
RS Medika Dramaga Bogor,Kota Bogor
RS BMC Mayapada Bogor,Kota Bogor
RS Bogor Senior,Kota Bogor
RS Melania Bogor,Kota Bogor
RS Azra Bogor,Kota Bogor
RS Hermina Bogor,Kota Bogor
RS PMI Bogor,Kota Bogor
RSUD Cibinong Bogor,Kab. Bogor
RSUD Ciawi Bogor,Kab. Bogor
RSUD Leuwiliang Bogor,Kab. Bogor
RS Eka Hospital Cibubur,Kab. Bogor
RSUD Cileungsi Bogor,Kab. Bogor
RS Sentra Medika Cibinong,Kab. Bogor
RS Karya Bhakti Pratiwi,Kab. Bogor
RS Bina Husada Bogor,Kab. Bogor
RS Paru Dr. M. Goenawan Partowidigdo,Kab. Bogor
RS Awal Bros,Kota Bekasi
RS Mitra Keluarga Cibubur,Kota Bekasi
RS Siloam Bekasi Sepanjang Jaya,Kota Bekasi
RS Satria Medika,Kota Bekasi
RS Mitra Keluarga Pratama Jatiasih,Kota Bekasi
RSUD Kab. Bekasi,Kab. Bekasi
